date,time,event_id
1/9/2026,9:36:29,1
1/9/2026,9:36:33,2
1/9/2026,9:43:53,3
1/9/2026,10:00:57,2
1/9/2026,10:39:52,3
1/9/2026,11:00:25,2
1/9/2026,11:40:43,3
1/9/2026,11:51:58,2
1/9/2026,12:18:47,3
1/9/2026,12:34:10,4
1/9/2026,15:04:43,1
1/9/2026,15:04:45,2
1/9/2026,15:17:28,3
1/9/2026,15:20:40,2
1/9/2026,15:51:03,3
1/9/2026,16:01:03,2
1/9/2026,16:02:23,3
1/9/2026,16:10:27,4
1/12/2026,9:38:29,1
1/12/2026,9:38:31,2
1/12/2026,10:10:16,3
1/12/2026,10:29:21,2
1/12/2026,10:43:58,3
1/12/2026,10:49:44,2
1/12/2026,11:31:35,3
1/12/2026,12:04:12,2
1/12/2026,12:05:04,3
1/12/2026,12:32:07,2
1/12/2026,14:04:22,3
1/12/2026,14:09:12,4
1/12/2026,15:02:23,1
1/12/2026,15:02:29,2
1/12/2026,15:35:57,3
1/12/2026,16:28:48,2
1/12/2026,17:40:32,3
1/12/2026,17:48:36,2
1/12/2026,18:14:46,3
1/12/2026,18:14:49,4
1/13/2026,9:01:03,1
1/13/2026,9:01:04,2
1/13/2026,9:24:16,3
1/13/2026,9:30:16,2
1/13/2026,10:13:45,3
1/13/2026,10:23:03,2
1/13/2026,11:23:22,3
1/13/2026,11:59:49,2
1/13/2026,14:25:46,3
1/13/2026,14:25:52,4
1/13/2026,15:22:19,1
1/13/2026,15:22:20,2
1/13/2026,16:49:41,3
1/13/2026,16:49:45,4
1/14/2026,9:03:59,1
1/14/2026,9:04:00,2
1/14/2026,9:12:07,3
1/14/2026,9:29:34,2
1/14/2026,9:52:13,3
1/14/2026,10:16:18,2
1/14/2026,10:35:28,3
1/14/2026,10:45:37,2
1/14/2026,11:35:13,3
1/14/2026,11:54:12,2
1/14/2026,13:07:51,3
1/14/2026,13:26:03,2
1/14/2026,13:28:55,3
1/14/2026,13:32:14,2
1/14/2026,13:47:20,3
1/14/2026,13:47:22,4
1/14/2026,15:11:08,1
1/14/2026,15:11:08,2
1/14/2026,15:34:20,3
1/14/2026,15:44:33,2
1/14/2026,16:02:46,3
1/14/2026,16:10:42,2
1/14/2026,16:52:17,3
1/14/2026,16:58:29,4
1/15/2026,9:01:41,1
1/15/2026,9:01:42,2
1/15/2026,9:55:36,3
1/15/2026,10:10:48,2
1/15/2026,10:22:15,3
1/15/2026,10:32:30,2
1/15/2026,10:44:20,3
1/15/2026,11:04:36,2
1/15/2026,11:18:09,3
1/15/2026,11:44:15,2
1/15/2026,13:34:01,3
1/15/2026,13:35:08,2
1/15/2026,14:23:25,3
1/15/2026,14:23:30,4
1/15/2026,15:05:45,1
1/15/2026,15:05:48,2
1/15/2026,16:32:31,3
1/15/2026,16:37:04,2
1/15/2026,17:01:30,3
1/15/2026,17:01:31,4
1/19/2026,9:06:43,1
1/19/2026,9:06:44,2
1/19/2026,9:25:45,3
1/19/2026,9:31:58,2
1/19/2026,9:44:18,3
1/19/2026,9:53:02,2
1/19/2026,10:18:34,3
1/19/2026,10:27:01,2
1/19/2026,10:51:42,3
1/19/2026,10:59:11,2
1/19/2026,11:16:49,3
1/19/2026,13:06:33,2
1/19/2026,13:22:44,3
1/19/2026,13:30:33,2
1/19/2026,13:52:48,3
1/19/2026,13:52:51,4
1/19/2026,15:24:26,1
1/19/2026,15:24:28,2
1/19/2026,15:56:18,3
1/19/2026,16:06:27,2
1/19/2026,16:23:31,3
1/19/2026,16:30:45,2
1/19/2026,17:24:48,3
1/19/2026,17:32:37,2
1/19/2026,18:16:17,3
1/19/2026,18:30:30,4
1/20/2026,9:11:26,1
1/20/2026,9:11:27,2
1/20/2026,10:15:52,3
1/20/2026,11:04:00,2
1/20/2026,11:53:42,3
1/20/2026,12:02:06,2
1/20/2026,12:52:31,3
1/20/2026,12:52:33,4
1/20/2026,15:24:39,1
1/20/2026,15:24:40,2
1/20/2026,15:32:50,3
1/20/2026,16:11:38,4
1/21/2026,9:11:25,1
1/21/2026,9:55:46,2
1/21/2026,10:28:58,3
1/21/2026,10:33:14,2
1/21/2026,11:27:22,3
1/21/2026,12:07:38,2
1/21/2026,13:28:20,3
1/21/2026,13:51:15,4
1/21/2026,14:42:04,1
1/21/2026,14:42:05,2
1/21/2026,14:50:14,3
1/21/2026,15:00:23,2
1/21/2026,15:38:02,3
1/21/2026,15:50:15,2
1/21/2026,16:07:11,3
1/21/2026,16:46:10,2
1/21/2026,17:09:46,3
1/21/2026,17:26:10,4
1/22/2026,9:29:38,1
1/22/2026,9:29:40,2
1/22/2026,10:16:16,3
1/22/2026,11:00:13,2
1/22/2026,11:08:20,3
1/22/2026,12:01:35,2
1/22/2026,12:17:20,3
1/22/2026,13:47:52,4
1/22/2026,14:57:38,1
1/22/2026,14:57:38,2
1/22/2026,15:32:01,3
1/22/2026,15:41:06,2
1/22/2026,16:16:11,3
1/22/2026,16:21:20,4
1/23/2026,9:33:36,1
1/23/2026,9:33:37,2
1/23/2026,10:39:57,3
1/23/2026,11:09:13,2
1/23/2026,14:00:18,3
1/23/2026,14:00:19,4
1/23/2026,14:31:28,1
1/23/2026,14:31:29,2
1/23/2026,15:14:57,3
1/23/2026,15:18:41,2
1/23/2026,17:47:35,3
1/23/2026,17:57:47,2
1/23/2026,19:01:45,3
1/23/2026,19:01:57,4
1/27/2026,9:17:27,1
1/27/2026,9:17:28,2
2026-01-27,10:18:45,3
2026-01-27,11:02:17,2
2026-01-27,11:21:55,3
2026-01-27,11:36:56,2
2026-01-27,13:45:28,3
2026-01-27,13:45:29,4
2026-01-27,14:09:29,1
2026-01-27,14:09:29,2
2026-01-27,15:53:38,3
2026-01-27,16:03:47,2
2026-01-27,16:21:56,3
2026-01-27,16:49:27,2
2026-01-27,17:55:22,3
2026-01-27,18:05:41,4
